{
    "heading":"Featured products",
    "items": [
    {
        "title": "Item 1",
        "thumb": "assets/img/01.jpg",
        "url": "",
        "description": "Lorem ipsum dolor sit amet, consectetur adipisicing elit, sed do eiusmod tempor incididunt ut labore et dolore adipiscing elit. Ut enim.",
        "timeleft": "2",
        "watchers": "12",
        "price": "123"
    },
    {
        "title": "Item 2",
        "thumb": "assets/img/02.jpg",
        "url": "",
        "description": "Lorem ipsum dolor sit amet, consectetur adipisicing elit, sed do eiusmod tempor incididunt ut labore et dolore adipiscing elit. Ut enim.",
        "timeleft": "2",
        "watchers": "3",
        "price": "43"
    },
    {
        "title": "Item 3",
        "thumb": "assets/img/03.jpg",
        "url": "",
        "description": "Lorem ipsum dolor sit amet, consectetur adipisicing elit, sed do eiusmod tempor incididunt ut labore et dolore adipiscing elit. Ut enim.",
        "timeleft": "2",
        "watchers": "12",
        "price": "39"
    },
    {
        "title": "Item 4",
        "thumb": "assets/img/04.jpg",
        "url": "",
        "description": "Lorem ipsum dolor sit amet, consectetur adipisicing elit, sed do eiusmod tempor incididunt ut labore et dolore adipiscing elit. Ut enim.",
        "timeleft": "2",
        "watchers": "12",
        "price": "72"
    },
    {
        "title": "Item 5",
        "thumb": "assets/img/05.jpg",
        "url": "",
        "description": "Lorem ipsum dolor sit amet, consectetur adipisicing elit, sed do eiusmod tempor incididunt ut labore et dolore adipiscing elit. Ut enim.",
        "timeleft": "2",
        "watchers": "12",
        "price": "84"
    },
    {
        "title": "Item 6",
        "thumb": "assets/img/06.jpg",
        "url": "",
        "description": "Lorem ipsum dolor sit amet, consectetur adipisicing elit, sed do eiusmod tempor incididunt ut labore et dolore adipiscing elit. Ut enim.",
        "timeleft": "2",
        "watchers": "12",
        "price": "99"
    }
]
}
