{
    "items": [
    {
        "title": "Item 1",
        "thumb": "assets/img/01.jpg",
        "url": "",
        "description": "Lorem ipsum dolor sit amet, consectetur adipisicing elit, sed do eiusmod tempor incididunt ut labore et dolore adipiscing elit. Ut enim ad minim veniam",
        "timeleft": "2",
        "watchers": "12",
        "price": "123"
    },
    {
        "title": "Item 2",
        "thumb": "assets/img/02.jpg",
        "url": "",
        "description": "Morbi mollis ante at ante posuere adipisicing elit, sed do eiusmod tempor incididunt ut labore et dolore tempor. Ut enim ad minim veniam",
        "timeleft": "2",
        "watchers": "3",
        "price": "43"
    },
    {
        "title": "Item 3",
        "thumb": "assets/img/03.jpg",
        "url": "",
        "description": "Donec ac ligula sit amet libero adipisicing elit, sed do eiusmod tempor incididunt ut labore et dolore vehicula. Ut enim ad minim veniam",
        "timeleft": "2",
        "watchers": "12",
        "price": "39"
    },
    {
        "title": "Item 4",
        "thumb": "assets/img/04.jpg",
        "url": "",
        "description": "Sed accumsan nibh sapien, interdum adipisicing elit, sed do eiusmod tempor incididunt ut labore et dolore ullamcorper velit. Ut enim ad minim veniam",
        "timeleft": "2",
        "watchers": "12",
        "price": "72"
    },
    {
        "title": "Item 5",
        "thumb": "assets/img/05.jpg",
        "url": "",
        "description": "Pellentesque habitant morbi tristique adipisicing elit, sed do eiusmod tempor incididunt ut labore et dolore senectus. Ut enim ad minim veniam",
        "timeleft": "2",
        "watchers": "12",
        "price": "84"
    },
    {
        "title": "Item 6",
        "thumb": "assets/img/06.jpg",
        "url": "",
        "description": "Ut enim ad minim veniam. Sed accumsan adipisicing elit, sed do eiusmod tempor incididunt ut labore et dolore nibh sapien. Morbi mollis ante at ante.",
        "timeleft": "2",
        "watchers": "12",
        "price": "99"
    }
]
}
