[
  {
    "id"          : 1,
    "title"       : "Unit 1",
    "thumb"       : "01-1.jpg",
    "description" : "Lorem ipsum dolor sit amet, consectetur adipisicing elit, sed do eiusmod tempor incididunt ut labore et dolore adipiscing elit. Ut enim.",
    "timeleft"    : 2,
    "watchers"    : 12,
    "price"       : 123
  },
  {
    "id"          : 2,
    "title"       : "Unit 2",
    "thumb"       : "01-2.jpg",
    "description" : "Lorem ipsum dolor sit amet, consectetur adipisicing elit, sed do eiusmod tempor incididunt ut labore et dolore adipiscing elit. Ut enim.",
    "timeleft"    : 2,
    "watchers"    : 3,
    "price"       : 43
  },
  {
    "id"          : 3,
    "title"       : "Unit 3",
    "thumb"       : "01-3.jpg",
    "description" : "Lorem ipsum dolor sit amet, consectetur adipisicing elit, sed do eiusmod tempor incididunt ut labore et dolore adipiscing elit. Ut enim.",
    "timeleft"    : 2,
    "watchers"    : 12,
    "price"       : 39
  },
  {
    "id"          : 4,
    "title"       : "Unit 4",
    "thumb"       : "01-4.jpg",
    "description" : "Lorem ipsum dolor sit amet, consectetur adipisicing elit, sed do eiusmod tempor incididunt ut labore et dolore adipiscing elit. Ut enim.",
    "timeleft"    : 2,
    "watchers"    : 12,
    "price"       : 72
  },
  {
    "id"          : 5,
    "title"       : "Unit 5",
    "thumb"       : "01-5.jpg",
    "description" : "Lorem ipsum dolor sit amet, consectetur adipisicing elit, sed do eiusmod tempor incididunt ut labore et dolore adipiscing elit. Ut enim.",
    "timeleft"    : 2,
    "watchers"    : 12,
    "price"       : 84
  },
  {
    "id"          : 6,
    "title"       : "Unit 6",
    "thumb"       : "01-6.jpg",
    "description" : "Lorem ipsum dolor sit amet, consectetur adipisicing elit, sed do eiusmod tempor incididunt ut labore et dolore adipiscing elit. Ut enim.",
    "timeleft"    : 2,
    "watchers"    : 12,
    "price"       : 99
  }
]
